<?xml version="1.0" encoding="UTF-8"?>
<project-private xmlns="http://www.netbeans.org/ns/project-private/1">
    <editor-bookmarks xmlns="http://www.netbeans.org/ns/editor-bookmarks/2" lastBookmarkId="0"/>
    <open-files xmlns="http://www.netbeans.org/ns/projectui-open-files/2">
        <group>
            <file>file:/C:/Users/dyogo/OneDrive/Documentos/NetBeansProjects/LojaComputadorProject/LojaComputadorProject/src/classes/Produto.java</file>
            <file>file:/C:/Users/dyogo/OneDrive/Documentos/NetBeansProjects/LojaComputadorProject/LojaComputadorProject/src/interfaces/Descriavel.java</file>
            <file>file:/C:/Users/dyogo/OneDrive/Documentos/NetBeansProjects/LojaComputadorProject/LojaComputadorProject/src/classes/Cliente.java</file>
            <file>file:/C:/Users/dyogo/OneDrive/Documentos/NetBeansProjects/LojaComputadorProject/LojaComputadorProject/src/classes/Main.java</file>
            <file>file:/C:/Users/dyogo/OneDrive/Documentos/NetBeansProjects/LojaComputadorProject/LojaComputadorProject/src/classes/MemoriaRam.java</file>
            <file>file:/C:/Users/dyogo/OneDrive/Documentos/NetBeansProjects/LojaComputadorProject/LojaComputadorProject/src/classes/Computador.java</file>
            <file>file:/C:/Users/dyogo/OneDrive/Documentos/NetBeansProjects/LojaComputadorProject/LojaComputadorProject/src/classes/ComponenteComputador.java</file>
            <file>file:/C:/Users/dyogo/OneDrive/Documentos/NetBeansProjects/LojaComputadorProject/LojaComputadorProject/src/classes/Processador.java</file>
            <file>file:/C:/Users/dyogo/OneDrive/Documentos/NetBeansProjects/LojaComputadorProject/LojaComputadorProject/src/classes/ProdutoIndisponivelException.java</file>
            <file>file:/C:/Users/dyogo/OneDrive/Documentos/NetBeansProjects/LojaComputadorProject/LojaComputadorProject/src/classes/Venda.java</file>
            <file>file:/C:/Users/dyogo/OneDrive/Documentos/NetBeansProjects/LojaComputadorProject/LojaComputadorProject/src/classes/LojaComputadores.java</file>
            <file>file:/C:/Users/dyogo/OneDrive/Documentos/NetBeansProjects/LojaComputadorProject/LojaComputadorProject/src/classes/Armazenamento.java</file>
        </group>
    </open-files>
</project-private>
